,text,original,generated
0,"Its so so so last, last
",0,0
1,"Im gonna be where you are when you least expect me
",0,0
2,"Not know you coming
",0,0
3,"Its not so pretty
",0,0
4,"Rent free of all the pain
",0,0
5,"Hey, that wasnt my intention, I did it for a reason
",0,0
6,"makes a skin and
",0,0
7,"Here, here
",0,0
8,"Myself, girl
",0,0
9,"Myself, Ill spit it back
",0,0
10,"Yeah,Light another candle and
",0,0
11,"Though I was hungry for the rest
",0,0
12,"Run in
",0,0
13,"see
",0,0
14,"Wear, its always here
",0,0
15,"Feel light of life in the mountains
",0,0
16,"Doors and there
",0,0
17,"Cant get theor
",0,0
18,"Feel myself in your eyes
",0,0
19,"Myself, I think maybe
",0,0
20,"Myself.
",0,0
21,"Myself, I can fly
",0,0
22,"alling out again
",0,0
23,"Myself, my Iron Lung, my Iron Lung
",0,0
24,"I-R-A-Spinning plates
",0,0
25,"Somewhere over there
",0,0
26,"Its not the right place
",0,0
27,"Myself, I dance, you dance, you dance
",0,0
28,"pa-pa-pa-pa-pa-pa
",0,0
29,"Isnt your friends
",0,0
30,"Ive been around
",0,0
31,"Everything is gonna come out of here
",0,0
32,"Can never walk out again
",0,0
33,"Myself, who am I
",0,0
34,"ANYUCK, Lewis, Lewis, Lewis, Lewis
",0,0
35,"Wheres the truth
",0,0
36,"Caught in, say goodbye
",0,0
37,"Stars andWait and that shit can be sorted out of the box
",0,0
38,"Weve been around
",0,0
39,"And Ive been around for so long
",0,0
40,"No no no no no no no no no no no no no no no no no no no no no no no
",0,0
41,"Im gonna be good
",0,0
42,"The car could be amazed if you walk
",0,0
43,"I need you
",0,0
44,"Wish that I could be good if you couldve been good if youre not so good
",0,0
45,"Myself, its always been like this
",0,0
46,"When youve got the gift
",0,0
47,"Ive been around for so long
",0,0
48,"Come up from the wings
",0,0
49,"When Im gonna talk
",0,0
50,"Karma Police, arrest
",0,0
51,"Wish I was special, wish I was special
",0,0
52,"Myself, Ill wash up again
",0,0
53,"Es like ghosts
",0,0
54,"Get to my knees
",0,0
55,"Ive known so very good
",0,0
56,"Myself, you left me alone
",0,0
57,"Youve been away for so long
",0,0
58,"First, last, final
",0,0
59,"Ve been walking in your eyes
",0,0
60,"Myself, myself, I am the future
",0,0
61,"This girl is the girl in the car
",0,0
62,"I dont understand where it is I am coming of
",0,0
63,"No one else but I did!
",0,0
64,"Myself, what do I care?
",0,0
65,"mein
",0,0
66,"Ive been where I liked
",0,0
67,"Do you know what youre thinking
",0,0
68,"Myself, my friend
",0,0
69,"This girl is going think about if youre gonna be around
",0,0
70,"re not yours
",0,0
71,"chasing us with the lemon
",0,0
72,"All over the planet
",0,0
73,"I’m to Go to
",0,0
74,"Its so near
",0,0
75,"When Im at the edge of the crack
",0,0
76,"Myself, Ive had a hard and cold dream
",0,0
77,"Its so so so so near
",0,0
78,"Oh no, no
",0,0
79,"Morning, begin
",0,0
80,"Clingingling
",0,0
81,"And I wont let this happen to my children.
",0,0
82,"And Ive been around
",0,0
83,"No no noo nobe, noo be
",0,0
84,"makes herre board
",0,0
85,"Was gonna do
",0,0
86,"Here Im a pain
",0,0
87,"Es very near
",0,0
88,"Yeah. that there
",0,0
89,"We
",0,0
90,"Wont blow mind
",0,0
91,"Stars arent stars but we all
",0,0
92,"And left me alone
",0,0
93,"Wont mind
",0,0
94,"Me and you
",0,0
95,"Not yours
",0,0
96,"You do-ye
",0,0
97,"Myself and I will be. myself
",0,0
98,"Myself, I need someone
",0,0
99,"Can be-
",0,0
100,"Can of worms
",0,0
101,"We are both sides
",0,0
102,"Here comes Mr. B, Mr. B
",0,0
103,"Yeah, but you wont
",0,0
104,"The rain
",0,0
105,"Ive known so very
",0,0
106,"working out again
",0,0
107,"They wont stand up
",0,0
108,"Ive been walking these streets so long out walking so long
",0,0
109,"Im running out again
",0,0
110,"There are doors and there are doors
",0,0
111,"Im hungry for the things around my head
",0,0
112,"No they wont come anyway
",0,0
113,"I keep falling over
",0,0
114,"char?
",0,0
115,"Feel this love to the core
",0,0
116,"Here comes first, first, first, first, first, first, first, first, first
",0,0
117,"Wish we could flip
",0,0
118,"This girl is all the days that she bought her cigarettes
",0,0
119,"Super girl can still walk
",0,0
120,"Myself, Ive been around my liked
",0,0
121,"Ook with a smile for living
",0,0
122,"Cant put it right!
",0,0
123,"Do
",0,0
124,"Ve been walking a thousand miles at once
",0,0
125,"Aaaaa killer
",0,0
126,"We really dont stand
",0,0
127,"Myself and I just know no more
",0,0
128,"ch special.
",0,0
129,"Myself in
",0,0
130,"Thom:Should I be good
",0,0
131,"Its all right
",0,0
132,"chances
",0,0
133,"things when youve got the strength
",0,0
134,"Im so sick of waiting
",0,0
135,"Alright, huh, huh
",0,0
136,"Youre so last, last
",0,0
137,"Its so so so so so so disappointing
",0,0
138,"Here
",0,0
139,"Myself, not you
",0,0
140,"Im falling over
",0,0
141,"Its so very special, so very special, special, special
",0,0
142,"Theyre walking out in front of me
",0,0
143,"Have noticed nothing
",0,0
144,"Everything is wrong with
",0,0
145,"igators, bluebirds
",0,0
146,"Here Im going to the edge of the earth 
",0,0
147,"chores out again
",0,0
148,"Not mean no one but we all drive
",0,0
149,"All the holes at my eyes
",0,0
150,"Myself, Ive been around enough
",0,0
151,"When youre not yours
",0,0
152,"Ill bet youre my girl when youre not around
",0,0
153,"Ive been around for a long while
",0,0
154,"No one else but we all like the drums
",0,0
155,"Myself, I left!
",0,0
156,"Nooose talk around
",0,0
157,"I Will Wear It
",0,0
158,"First, last,
",0,0
159,"Here Im gonna be a part of the rest
",0,0
160,"Wish that I could walk the thousand miles
",0,0
161,"Myself, it’s so just the clever that you put him on
",0,0
162,"Im the girl around
",0,0
163,"Thom: The mongrel cat came home
",0,0
164,"When, when the lights go out
",0,0
165,"Run to the back again
",0,0
166,"Arent friends but they pay to kiss your feet
",0,0
167,"Es so sellu be flowers
",0,0
168,"Es like a detuned radio
",0,0
169,"Its not so clever, clever, clever, clever
",0,0
170,"All the planets
",0,0
171,"Im wondering, should I turn around?
",0,0
172,"Thom: What am I to do?
",0,0
173,"Myself and I am the one on the ball
",0,0
174,"Ill be gone, cause no one will see
",0,0
175,"Do not look so good
",0,0
176,"All the things that youve got
",0,0
177,"Doors and doors and doors
",0,0
178,"paoh, spit it back
",0,0
179,"Climbing up the walls, walls, walls, walls
",0,0
180,"Myself, I want to
",0,0
181,"Here comes the man
",0,0
182,"Ive been around you for so long
",0,0
183,"Wanna see you again
",0,0
184,"Come back rooms
",0,0
185,"In a bunker by hook or by crook
",0,0
186,"First, first, first
",0,0
187,"Im sorry if
",0,0
188,"Can be done when you want it
",0,0
189,"Its not so clever, cause youre not so clever
",0,0
190,"Everything is gonna do
",0,0
191,"Doors and there be nothing
",0,0
192,"Its always a sulk
",0,0
193,"There are so many sides to this one
",0,0
194,"Theyre not so sure
",0,0
195,"When youve got a face
",0,0
196,"Come and find me
",0,0
197,"Run from the back
",0,0
198,"things
",0,0
199,"Cant get the drums right!
",0,0
200,"Shes not yours
",0,0
201,"I couldve loved me
",0,0
202,"Its not the best when youre not here
",0,0
203,"Thom: Phil? Phil?
",0,0
204,"We really made our hip-hop
",0,0
205,"Can be the best
",0,0
206,"The walls cold
",0,0
207,"Do it
",0,0
208,"Feel like the best you can
",0,0
209,"Im gonna be where you are with
",0,0
210,"Its what youve been when youve been when youve been
",0,0
211,"Dont want to talk
",0,0
212,"Is up on the train again
",0,0
213,"Special
",0,0
214,"said, but I dont know how
",0,0
215,"Es gonna never change
",0,0
216,"Im not so good
",0,0
217,"Im hungry for something
",0,0
218,"Hes like the cowboy
",0,0
219,"And nothing at all
",0,0
220,"Im gonna do one day
",0,0
221,"Its not so clever, singing, looming from the heart
",0,0
222,"Stars arent stars but theyreWait mouths to feed on
",0,0
223,"Did
",0,0
224,"Myself, its always so near
",0,0
225,"Isnt the right way
",0,0
226,"Here, but I dont mind
",0,0
227,"Ill be gonna do
",0,0
228,"Killer cars, cars, cars, cars
",0,0
229,"Is just like the others
",0,0
230,"In a country that does not speak its name
",0,0
231,"Myself, I think youre crazy, maybe
",0,0
232,"Want to sleep like Id like a bedbug
",0,0
233,"Im walking out in the force ten gale
",0,0
234,"Wish that I could sleep and stay asleep at all the alarm bells and speakers that I give up for your company
",0,0
235,"Ill bеnt looking but Im gonna do
",0,0
236,"Whatever I want, and it cant be said
",0,0
237,"The walls
",0,0
238,"Doors and there cars
",0,0
239,"And I might be wrong with myself
",0,0
240,"And
",0,0
241,"Myself, it cant get
",0,0
242,"Myself, myself, I lost myself
",0,0
243,"Wish I was special, dont you dare
",0,0
244,"Myself, I am the only one that
",0,0
245,"Ve been living out here before
",0,0
246,"Did I see
",0,0
247,"I’m at this edge
",0,0
248,"Ve been walking these streets so long out in a force ten years
",0,0
249,"Myself, I left for bitch of 
",0,0
250,"And somewhere we will be
",0,0
251,"No one could know what I am talking about now
",0,0
252,"Stars and astral cars?
",0,0
253,"Stars should not walk alone at night
",0,0
254,"Can of all the wings that’s flown into my brain
",0,0
255,"Are power plants
",0,0
256,"WBeen thinking about you
",0,0
257,"Whose Im going to see?
",0,0
258,"In the world
",0,0
259,"We do this out of office
",0,0
260,"Am a
",0,0
261,"Me and
",0,0
262,"Want to sleep like that
",0,0
263,"Run to the radio interview
",0,0
264,"Its a tease little smile
",0,0
265,"Run around, around, around
",0,0
266,"Can sleep at night
",0,0
267,"Myself, I do
",0,0
268,"AThe strength for living in a glasshouse
",0,0
269,"Feel the strength of air conditioning, while the wings of the birds stay stone
",0,0
270,"I’m her, her, her
",0,0
271,"I wont run away and hide from work
",0,0
272,"Myself, babe, babe
",0,0
273,"Cant while the cat is away
",0,0
274,"First, last, and never spoken
",0,0
275,"Its always so pretty
",0,0
276,"when youre talking war games
",0,0
277,"Its happening
",0,0
278,"Myself, just like that
",0,0
279,"Though Ive known so very
",0,0
280,"Dancing like that
",0,0
281,"chhole
",0,0
282,"Ve Made me crazy
",0,0
283,"chats coming out all milk
",0,0
284,"Here comes mephistopheles
",0,0
285,"Thom: Im not
",0,0
286,"asshole
",0,0
287,"Full of love, you promised me
",0,0
288,"Myself, you, I, Ill get the
",0,0
289,"And for many years
",0,0
290,"said Ive been, before
",0,0
291,"company
",0,0
292,"Were not, they dont belong
",0,0
293,"Its gonna rain down again
",0,0
294,"Myself, I need you
",0,0
295,"Am coming out of your phone
",0,0
296,"Am I to do?
",0,0
297,"Did I do the hiphop
",0,0
298,"Arent they think of life
",0,0
299,"paH
",0,0
300,"Aaaaa
",0,0
301,"Ve been walking these streets so tired
",0,0
302,"Climbing up
",0,0
303,"Run the door in the door
",0,0
304,"I wont run or be found
",0,0
305,"Wish I could walk
",0,0
306,"Not wanted to be living in a business world and work in a job
",0,0
307,"Special.
",0,0
308,"Dont get out of orbit
",0,0
309,"Feel
",0,0
310,"Ve been climbing up four walls
",0,0
311,"Karma
",0,0
312,"Coooh
",0,0
313,"When youve got the smell of a local man
",0,0
314,"The world
",0,0
315,"First night of the rest of your days
",0,0
316,"see that
",0,0
317,"Were not gonna happen
",0,0
318,"chorus
",0,0
319,"Myself, man
",0,0
320,"This place of destiny
",0,0
321,"pa-pa, pa, pa, pa
",0,0
322,"Ive been walking these streets so long out of them
",0,0
323,"I’m the only one who I’m friends
",0,0
324,"Youll Wear It Proudly
",0,0
325,"Ill hit the alarm
",0,0
326,"Cant made me feel ill
",0,0
327,"When you put the world to
",0,0
328,"ass said Im the best
",0,0
329,"Ve got a skin and teeth, man drive
",0,0
330,"Myself and I dont have the strength
",0,0
331,"This girl is not my girl
",0,0
332,"First, last, last
",0,0
333,"Hes not gonna happen
",0,0
334,"Though I am none the better
",0,0
335,"Myself, Ive been around too
",0,0
336,"Myself and I
",0,0
337,"Theyre friends of friends I amNothing but friends
",0,0
338,"Why are we so sure?
",0,0
339,"Myself, my love
",0,0
340,"Nowhere to sit
",0,0
341,"And left my head
",0,0
342,"Wish that I could be good
",0,0
343,"Myself, I hold my peace
",0,0
344,"Wish that I could still make love
",0,0
345,"Myself and maybe
",0,0
346,"This girl is her girl of the eighties
",0,0
347,"No stranger
",0,0
348,"Werent they gonna tell me
",0,0
349,"No one else but we are not there
",0,0
350,"Is over, over, over, over, over
",0,0
351,"The world is a gunboat in a sea of fear
",0,0
352,"We are the dollars and cents and the pounds mark anducker and go-
",0,0
353,"Arent gonna happen
",0,0
354,"Wish I was special, but I’m a creep, I’m a weirdo
",0,0
355,"First, and first, and first, and first
",0,0
356,"Theyre not your friends
",0,0
357,"quitru
",0,0
358,"Thom: So we really made love
",0,0
359,"Here comes the cracker
",0,0
360,"Can love
",0,0
361,"Myself, who left
",0,0
362,"Myself, I ride, I ride
",0,0
363,"Wish I was special, but Im not so so so so so so so so so so so so so so so so so so so so so so so so so so so so so so so so so so so so so so so so so
",0,0
364,"Ook me used
",0,0
365,"Myself, Ive no idea what I am talking about now
",0,0
366,"This girl is the girl in
",0,0
367,"I dont know where you are with me
",0,0
368,"Ive no idea what I am talking about when Ive not the strength
",0,0
369,"Have the loneliest idea
",0,0
370,"ch
",0,0
371,"Supercollus
",0,0
372,"Its so danceh-spin!
",0,0
373,"Thom: Thank you, but we are out of reach
",0,0
374,"Its always better when the light is off
",0,0
375,"Its so very special
",0,0
376,"Es detuned radio
",0,0
377,"Whilst you leave me be, you stay
",0,0
378,"said Im hungry for a lynching
",0,0
379,"Cant get the drums right
",0,0
380,"Ve been stitched up by the past, Ill stay here forever
",0,0
381,"Morning has gone
",0,0
382,"Thom: Can’t kick your habit
",0,0
383,"I’m Coming Up
",0,0
384,"stepping on the futon
",0,0
385,"Wish I was special
",0,0
386,"Though I wasnt looking
",0,0
387,"Hes like a detuned radio interview
",0,0
388,"Arent youre friends friends
",0,0
389,"Myself, it hurts
",0,0
390,"chances theyre not your friends
",0,0
391,"said, but your eyes are concrete grey
",0,0
392,"Arent living here
",0,0
393,"I’ll Wear It After This 
",0,0
394,"Am gonna do one of those
",0,0
395,"Killer cars coming out green
",0,0
396,"Can of all the rest
",0,0
397,"Karma an am breathing, I wish I could be another
",0,0
398,"Won’t somebody just might
",0,0
399,"Cant put your lips to me
",0,0
400,"pa be a creep
",0,0
401,"Im hungry for the things
",0,0
402,"Yesterday Ive been
",0,0
403,"Ive gone but I dont
",0,0
404,"Its not that
",0,0
405,"Me, me
",0,0
406,"Not walk
",0,0
407,"Hes like the niece and the children
",0,0
408,"Ive not the strength
",0,0
409,"Is power, passion
",0,0
410,"Wanna do this?
",0,0
411,"Are we heavy?
",0,0
412,"I want to sleep around here
",0,0
413,"It’s so so just, everyone is so near
",0,0
414,"I hate to think about
",0,0
415,"Myself, Ive been around
",0,0
416,"Its so so
",0,0
417,"They pay to kiss the ground that they do
",0,0
418,"I’ll Wear It Proudly 
",0,0
419,"Myself, I’m the emperor
",0,0
420,"Ve been waiting for something to happen
",0,0
421,"Wish that I could flip who I am
",0,0
422,"Myself, its gone
",0,0
423,"Have gone but the future is far behind me
",0,0
424,"Have got myxomatosis
",0,0
425,"Werent youre friends
",0,0
426,"Get to the chorus in the chorus
",0,0
427,"smug glass
",0,0
428,"Run home safe tonight
",0,0
429,"Feel something good
",0,0
430,"No one can be sure but I hold
",0,0
431,"Feel the strength of people clinging around
",0,0
432,"Theyre living in a fantasy world
",0,0
433,"Myself, I’ve given all I can
",0,0
434,"We are the ones thatll Be around
",0,0
435,"I dont mind
",0,0
436,"augh!
",0,0
437,"Ook my life
",0,0
438,"Myself, I just dont know how I feather
",0,0
439,"Its not so clever, but it soon
",0,0
440,"Can fly
",0,0
441,"Im the girl in the girl in
",0,0
442,"This girl, girl
",0,0
443,"Yesterday Ive been walking over at all
",0,0
444,"Feel that I was looking at hey in
",0,0
445,"Feel theres a change
",0,0
446,"Yeah but they wont come back from me
",0,0
447,"Myself, myself, myself
",0,0
448,"Wish that I could change
",0,0
449,"Cant do
",0,0
450,"Killer cars and tramlines
",0,0
451,"Superver
",0,0
452,"Myself, man, man, man
",0,0
453,"Can of a river
",0,0
454,"pa-pa-pa-pa, pa-pa-pa, pa-pa, pa-pa, pa-pa
",0,0
455,"Do I mean it?
",0,0
456,"Stars and girls
",0,0
457,"I’ve Seen It
",0,0
458,"Its so so so so so so so so disappointing
",0,0
459,"Im hungry again
",0,0
460,"Myself, the worms, the worms, the worms
",0,0
461,"When the B-spin is spin out of balance
",0,0
462,"Thom: What key do you care?
",0,0
463,"Am getting old
",0,0
464,"Wish I could flip
",0,0
465,"And ahead of me
",0,0
466,"I’m Jim Morrison, Jim Morrison
",0,0
467,"Weve been out of reach
",0,0
468,"I.m. her
",0,0
469,"Its so so right now when you are
",0,0
470,"Im tuck the kids out safe tonight
",0,0
471,"said I love you but I dont know how
",0,0
472,"angel find my love
",0,0
473,"ambition
",0,0
474,"Is the B-spin
",0,0
475,"Myself, maybe
",0,0
476,"I’ll Wear This
",0,0
477,"Keep all the doors and doors themselves
",0,0
478,"confused to say
",0,0
479,"Wont talk
",0,0
480,"Myself, you
",0,0
481,"Dont get out of your phone
",0,0
482,"Myself, me, yeah
",0,0
483,"Do or dont
",0,0
484,"ch special
",0,0
485,"Wanna talk
",0,0
486,"Here comes Im a walking dream
",0,0
487,"Whats in baby now, I don’t know
",0,0
488,"This girl isnt youre friends
",0,0
489,"Myself, I wish that something would turn
",0,0
490,"First, then I
",0,0
491,"Did it all the things you wanted
",0,0
492,"Killer cars all drive
",0,0
493,"Am just gonna...
",0,0
494,"said I been where you liked
",0,0
495,"Myself, Mr. B, Mr. B
",0,0
496,"Get to
",0,0
497,"First, first, last, last
",0,0
498,"makes your mark
",0,0
499,"Myself, I am hungry again
",0,0
500,"Oh, uh uh uh uh uh uh, uh uh uh uh uh
",0,0
501,"Ook, I did!
",0,0
502,"Myself, I walk, I break all the rules
",0,0
503,"chasing my cage
",0,0
504,"Is a car?
",0,0
505,"Though its near
",0,0
506,"Myself, what is I coming to?
",0,0
507,"Karma-ksh
",0,0
508,"Doors and there’s something there
",0,0
509,"Feel sad for the rest of my life
",0,0
510,"Have I really got friends
",0,0
511,"Want to take the 
",0,0
512,"Arent going back
",0,0
513,"Myself, myself, I am a creep
",0,0
514,"Myself, everything is very near
",0,0
515,"I’m a Malik
",0,0
516,"Cant remember what youve done
",0,0
517,"Ve had my heartache
",0,0
518,"Do follow
",0,0
519,"Ook me years of work
",0,0
520,"Am you to do?
",0,0
521,"When life spat in my face
",0,0
522,"Isnt gonna happen
",0,0
523,"Myself, it’s just as me
",0,0
524,"Wish I was special, not the creep, now I
",0,0
525,"chasing meunny
",0,0
526,"Isnt going
",0,0
527,"Why should I stay and not stay when the walls are still in?
",0,0
528,"Arent heavy but theyre heavy
",0,0
529,"Ive been walking over, walking over, walking over, walking over, walking over, walking over, walking over, walking over, walking over, walking over, walking over, walking over, walking over, walking over, walking over, walking
",0,0
530,"Yeah, everybody is gonna come and clean it up
",0,0
531,"Werent gonna happen
",0,0
532,"Myself, Ive been around a thousand years
",0,0
533,"Myself, who
",0,0
534,"ried to fit, to
",0,0
535,"And the lights gone out for me
",0,0
536,"And I dont laugh so much
",0,0
537,"All of the things around your head
",0,0
538,"Arent living
",0,0
539,"Yeah, but Im not going back
",0,0
540,"And I just dont know anymore
",0,0
541,"Its not so clever, just like that
",0,0
542,"Its so disappointing and
",0,0
543,"Myself,
",0,0
544,"Wish that all they could buy from me, just I could buy from you, right from wrong
",0,0
545,"Feel this girl is the girl
",0,0
546,"I need to sleep here before
",0,0
547,"Ve been walking these streets so long out the door and everyone is out of here
",0,0
548,"Myself, who am I to now?
",0,0
549,"Everyone around here is so near
",0,0
550,"When you take me away
",0,0
551,"Wish youre so very special
",0,0
552,"Myself, me, me, me, thе
",0,0
553,"Want it to stay but werent looking
",0,0
554,"Til you cant walk out the door
",0,0
555,"Myself, I lost myself
",0,0
556,"As cars get too old
",0,0
557,"Its not so clever, cause there
",0,0
558,"I do
",0,0
559,"I’m, I’m
",0,0
560,"Myself, who do we really need?
",0,0
561,"Im just gonna...
",0,0
562,"Its like a house falling in the bathroom
",0,0
563,"Myself, one, two
",0,0
564,"Wish it wasnt my thing, its gone
",0,0
565,"Me and I
",0,0
566,"There are three colours in my head
",0,0
567,"Myself, who am I to do?
",0,0
568,"Myself, Ill want
",0,0
569,"Rain down, rain down on me
",0,0
570,"Cant do it
",0,0
571,"Isnt happening
",0,0
572,"Ook me years of compromising
",0,0
573,"Dont know were gonna do this
",0,0
574,"Come back Ill take a quiet life
",0,0
575,"Caught in the club and carving knife
",0,0
576,"pa be a creep, I’m a weirdo
",0,0
577,"can
",0,0
578,"I want
",0,0
579,"Arent under attack
",0,0
580,"Es like 
",0,0
581,"Its not like the movies but we are hungry for the goodies
",0,0
582,"I should look
",0,0
583,"Hes in charge of what youll get
",0,0
584,"When I was sick, sick
",0,0
585,"Were not so sure
",0,0
586,"Everyone is there
",0,0
587,"Have to feel it
",0,0
588,"Is just the right thing
",0,0
589,"chats there
",0,0
590,"Do the hiphop
",0,0
591,"Myself and Ive been around enough
",0,0
592,"Werent the 
",0,0
593,"Can walk and talk to you
",0,0
594,"Wish that theres somewhere we could sleep
",0,0
595,"I shall Wear It Proudly
",0,0
596,"Not walk out
",0,0
597,"Ive been up in a while
",0,0
598,"Want the moon to
",0,0
599,"Its not like the movies but we all like the movies
",0,0
600,"Myself again
",0,0
601,"I forget
",0,0
602,"Me and why I feel so tongue-tied
",0,0
603,"Ive been around long
",0,0
604,"chasing him out the bathroom
",0,0
605,"Wеll Be the right one when youre thirtyGoth is cut off
",0,0
606,"Arent even friends
",0,0
607,"chique
",0,0
608,"Whilst they hadunny thoughts
",0,0
609,"Ahead of me
",0,0
610,"Runneth out again
",0,0
611,"Wish that I couldve kept
",0,0
612,"Ive been walking these streets so long out of 
",0,0
613,"Me and Mr. B
",0,0
614,"Yeah, theres circles in the room
",0,0
615,"said I ran around the playground
",0,0
616,"And somewhere I will be
",0,0
617,"confused
",0,0
618,"Why dont I do when I do
",0,0
619,"Myself, she love to hear something new
",0,0
620,"Run the door
",0,0
621,"You who are we to do?
",0,0
622,"Here Im allowed everything all of the time
",0,0
623,"Appatter
",0,0
624,"Thom: Thank you, I’m getting to
",0,0
625,"chances youre not yours
",0,0
626,"Ve been climbing up heads
",0,0
627,"When I get to my knees
",0,0
628,"Im too good
",0,0
629,"Myself, girls
",0,0
630,"Yeah, you know maybe
",0,0
631,"Stars fall into theobiles
",0,0
632,"Ill swallow me
",0,0
633,"The world is but
",0,0
634,"Yeah, you can force it but it will not come
",0,0
635,"Chances
",0,0
636,"see trouble with you
",0,0
637,"Hes like a detuned radio radio
",0,0
638,"Myself, Ive been thinking about you
",0,0
639,"And so we have crashed once in a while
",0,0
640,"And I do
",0,0
641,"Wanna go
",0,0
642,"Stars are all the right
",0,0
643,"more of friends
",0,0
644,"Killer cars, cars, cars
",0,0
645,"see you in real life
",0,0
646,"Oh very special
",0,0
647,"Can of been too many years
",0,0
648,"Can of all sides
",0,0
649,"Did not want to climb on believing that I dont belong here
",0,0
650,"Yeah, but youre gonna do it as-
",0,0
651,"Stars andWait and never look back
",0,0
652,"Wont run
",0,0
653,"Have no clothes left
",0,0
654,"Do what you do
",0,0
655,"Myself, now I see
",0,0
656,"when youre gonna out of here
",0,0
657,"Ve been walking out in neat while
",0,0
658,"Weve been stitched up
",0,0
659,"Im the girl in the purple dress
",0,0
660,"Myself, now
",0,0
661,"Myself and I am her
",0,0
662,"In a country of war
",0,0
663,"Stars arent stars but theyreWait
",0,0
664,"Can of been the best
",0,0
665,"Do what you want from me
",0,0
666,"Arent we talking
",0,0
667,"Is the old old, frightened
",0,0
668,"Wish that I could be good but you couldve sworn I saw me
",0,0
669,"Do- do1
",0,0
670,"Wish that theres me out
",0,0
671,"ok so let me be
",0,0
672,"In a city of boys in first class
",0,0
673,"I
",0,0
674,"Is a
",0,0
675,"seum like a vice
",0,0
676,"Stars arent stars but stars are they all stars
",0,0
677,"We couldve loved us
",0,0
678,"Es not even there
",0,0
679,"Werent my friends
",0,0
680,"Werent even high
",0,0
681,"First and last
",0,0
682,"Am back again
",0,0
683,"Ive been walking these streets so streets so streets are falling out of office
",0,0
684,"Have gone
",0,0
685,"Its like a detuned radio
",0,0
686,"Myself, Ive been here before
",0,0
687,"Im going to change
",0,0
688,"Ill Im gonna be where you are with me
",0,0
689,"And I just want to do
",0,0
690,"Ve been around for a while
",0,0
691,"Special 
",0,0
692,"Arent the speakers
",0,0
693,"Im hungry for the things I want
",0,0
694,"Myself, Ill help
",0,0
695,"Not even gonna talk
",0,0
696,"see me again
",0,0
697,"I dont disagree, I just dont know
",0,0
698,"Come and live with a broken man
",0,0
699,"Its not so clever, clever, clever, clever, clever,
",0,0
700,"Wish I could be good
",0,0
701,"Theyre friends
",0,0
702,"Ive been around so long
",0,0
703,"Ve been walking these streets so long out in a force ten gale so that I feel it
",0,0
704,"When you were here before, Ill never look back
",0,0
705,"Stars arent stars but theyreWait, that wasnt my intention, that wasnt my intention, that wasnt my intention, that wasnt my intention, that wasnt my intention, that wasnt my intention, that wasnt my
",0,0
706,"Superhouse
",0,0
707,"Its the future
",0,0
708,"Caught in the fire, fire, fire
",0,0
709,"Thom
",0,0
710,"Im the girl
",0,0
711,"I should Wear It Proudly
",0,0
712,"Wanna be like the real life that we do
",0,0
713,"Wish that I could walk and talk through the speakers
",0,0
714,"Myself, Ill spit again
",0,0
715,"Run, youre run, run
",0,0
716,"Ive been crazy not to good enough
",0,0
717,"Can of been my best
",0,0
718,"Do!
",0,0
719,"Myself, its holding on
",0,0
720,"Doors and there were doors that should have doors and there were doors that should have doors and there were doors that I dont have
",0,0
721,"Stars arent
",0,0
722,"Its not so clever, clever, clever
",0,0
723,"Ve been ringing through the speakers
",0,0
724,"Its so so so so, so, disappointing
",0,0
725,"Run from the car
",0,0
726,"Myself, its happened
",0,0
727,"Myself, I, I, I, I, you
",0,0
728,"When the walls are going again with out of the reach
",0,0
729,"IveXm running out
",0,0
730,"We coming out
",0,0
731,"Did not mean
",0,0
732,"In cars, boats, planes
",0,0
733,"But Im gonna be like the dream in my head
",0,0
734,"killers wrong
",0,0
735,"Myself, me, let me go
",0,0
736,"Arent happy with this
",0,0
737,"I will Wear It The Not My The Iron Lung
",0,0
738,"Did the hiphop but we lost all the hands
",0,0
739,"Myself, no
",0,0
740,"Run, run
",0,0
741,"Rain down rain down the rain
",0,0
742,"When you really need me, I cant
",0,0
743,"Myself, you, you
",0,0
744,"We ride tonight so we ride tonight
",0,0
745,"Myself see
",0,0
746,"Come back again for a phone
",0,0
747,"Is over, over, over, over, over my
",0,0
748,"Vem not really gonna be that one
",0,0
749,"No no one around
",0,0
750,"Its not so bomb but we have given all we can
",0,0
751,"Caught in myaxe
",0,0
752,"First, last, and green in the sky
",0,0
753,"Myself, my girl, the girl
",0,0
754,"Its always this
",0,0
755,"Me
",0,0
756,"Im not so sure
",0,0
757,"Its always better in the time
",0,0
758,"And Im gonna be
",0,0
759,"Now Im going to be where you are with when you are not
",0,0
760,"Though I wasnt looking but somehow you found me
",0,0
761,"Myself, wanna see
",0,0
762,"Myself, I
",0,0
763,"Im no one but Im gonna be where the lights are shining on me
",0,0
764,"Its not so clever but I did!
",0,0
765,"Theyre cheering and waving, cheering and waving, cheering and waving, cheering and waving, cheering and waving, cheering and waving, cheering and waving, cheering and waving, cheering and waving, cheering and waving, cheering and waving
",0,0
766,"see something
",0,0
767,"Wakes me feel so tongue-tru
",0,0
768,"When we realise
",0,0
769,"Morning and late at work
",0,0
770,"I just dont know where you are with me
",0,0
771,"Were not living
",0,0
772,"When youre not here
",0,0
773,"try and hold
",0,0
774,"And why I feel so tongue-tied
",0,0
775,"You are the ones who the door 
",0,0
776,"Isnt me
",0,0
777,"when youve been around youve been around enough
",0,0
778,"Alright Im gonna...
",0,0
779,"makes you pretty girl
",0,0
780,"Stars arent stars but theyreWaiten to say
",0,0
781,"Wish youre not here
",0,0
782,"Myself, I just dont know
",0,0
783,"Doors and there were doors
",0,0
784,"Yeah baby, baby
",0,0
785,"Is just gonna rain down on you
",0,0
786,"Dole out your mouths
",0,0
787,"Myself, man, man, Mr. B, Mr. B
",0,0
788,"Theyre just like the drums but they miss my
",0,0
789,"Talksnothings and buzz
",0,0
790,"I could be who you wanted
",0,0
791,"Super-collider
",0,0
792,"ang,ang
",0,0
793,"Did not walk out the door
",0,0
794,"Myself, me and I did the hiphop
",0,0
795,"Wanna do the hiphop
",0,0
796,"There’s somebody there but not even there
",0,0
797,"Its not me
",0,0
798,"Ve got a skin and skin and hair and hair
",0,0
799,"Werent under attack
",0,0
800,"Im in power
",0,0
801,"Have jettisoned 
",0,0
802,"Come and find the rest
",0,0
803,"Morning and around
",0,0
804,"Im gonna end up sucked again
",0,0
805,"Its all there
",0,0
806,"Ive been walking these streets so long out of mind
",0,0
807,"I’m her
",0,0
808,"Wish you could climb the stairs
",0,0
809,"First, first, first, first, first, first, first
",0,0
810,"And again it’s beneath
",0,0
811,"Rain down the rain
",0,0
812,"chambers around my happen
",0,0
813,"And I cant evеn recognize you
",0,0
814,"Now that I feel Im missing, I dont
",0,0
815,"First, and first, and no one else
",0,0
816,"pa bitch, man
",0,0
817,"Morning and Jonny’s
",0,0
818,"Ah, but my spirit is not
",0,0
819,"Wish that I could be good if youre not
",0,0
820,"Youre so near
",0,0
821,"Its not so fluent
",0,0
822,"Im friends not friends
",0,0
823,"makes
",0,0
824,"Run at night
",0,0
825,"VeCut a hole
",0,0
826,"Myself, babe
",0,0
827,"Everything is
",0,0
828,"Ive been walking these streets so long out of their door
",0,0
829,"Its so so so nice when youre talking with me
",0,0
830,"Its not so beautiful
",0,0
831,"Womewhere Im not
",0,0
832,"Have given all I can
",0,0
833,"Myself and I dont
",0,0
834,"Somewhere inside of me
",0,0
835,"Were not gonna die
",0,0
836,"Stars are detuned radio
",0,0
837,"Its so nice when youre asleep
",0,0
838,"Myself and I am left over
",0,0
839,"Did a for the rest, maybe
",0,0
840,"Werent gonna talk
",0,0
841,"I dont want the dinosaurs roam the earth but they never wash up after its wash
",0,0
842,"Im gonna rain down again
",0,0
843,"can be detuned by the speakers
",0,0
844,"No one
",0,0
845,"Myself in love
",0,0
846,"No I, no I
",0,0
847,"Doors and there doors
",0,0
848,"Here everyone is so near
",0,0
849,"pa.sez mucho mucho mucho mucho mucho mucho mucho mucho mucho mucho mucho mucho mucho mucho mucho mucho mucho mucho no, no
",0,0
850,"Come and find the strength
",0,0
851,"Ve got myxomatosis
",0,0
852,"Have got the right idea
",0,0
853,"chores
",0,0
854,"Not really believing that I dont belong
",0,0
855,"Wish that theres an empty life
",0,0
856,"No one but me and I
",0,0
857,"Yesterday Ive been climbing up
",0,0
858,"Yeah, that is gonna come out of the swamp
",0,0
859,"Im living in a bunker while
",0,0
860,"Ve been walking out in a force ten gale
",0,0
861,"Hes like the angel,
",0,0
862,"I just want to see what is
",0,0
863,"Do it!
",0,0
864,"Theyve been away for a long while
",0,0
865,"pa-pa
",0,0
866,"Ve been walking around
",0,0
867,"Im ready to new generation
",0,0
868,"Morning
",0,0
869,"Can of brick dust
",0,0
870,"When the power runs out again
",0,0
871,"Myself, I, I lost myself
",0,0
872,"App girl
",0,0
873,"Ill bе back again, waiting for something
",0,0
874,"Thom: Im gonna...
",0,0
875,"Run, drive
",0,0
876,"Im useless but not for the 
",0,0
877,"Thom: Hes going to change
",0,0
878,"Ill be hungry again
",0,0
879,"Though I dont know how to sleep
",0,0
880,"Myself, its not so fluent but I cant help
",0,0
881,"Stars arent stars but theyreWait but theyre not stars
",0,0
882,"I just want to
",0,0
883,"Myself, Ill spit it on the ground
",0,0
884,"Myself, Ill spit first
",0,0
885,"Myself, Ill spit it again
",0,0
886,"I believe myself, believe myself
",0,0
887,"Ooooh, no
",0,0
888,"Do not belong here
",0,0
889,"Its just like the movies
",0,0
890,"Ahead of him
",0,0
891,"Did one of those
",0,0
892,"Im a very near
",0,0
893,"Arent gonna get
",0,0
894,"There is no way out at all
",0,0
895,"Ve been my best
",0,0
896,"float and get to my heels
",0,0
897,"Thom: No
",0,0
898,"Arent friends
",0,0
899,"makes no noise at all
",0,0
900,"Its the right place
",0,0
901,"Its so great when youre talking
",0,0
902,"Myself, my uncle
",0,0
903,"Im so past
",0,0
904,"Its the best when youve been around
",0,0
905,"Do good
",0,0
906,"Whered Pulk/Pull Revolving Doors
",0,0
907,"Its so so so so so so so disappointing
",0,0
908,"I.No I.m not yours
",0,0
909,"Its not so clever, boy, boy, boy
",0,0
910,"paoh
",0,0
911,"Hey, Ill spit it back again
",0,0
912,"Wish that I could be who you wanted
",0,0
913,"Because all the money I owe to my friends is going to be found
",0,0
914,"Myself, Ill spit on the ground
",0,0
915,"Womewhere in the world
",0,0
916,"Myself, I’m the right one, I’m the right one
",0,0
917,"Can of brick dust and everything is alive
",0,0
918,"Its always better when out with the lights gone out of their lights and they just gone out of their lights
",0,0
919,"All the things that I dont know
",0,0
920,"Can be happy if youre happy
",0,0
921,"And youre so near
",0,0
922,"I am Jim Morrison
",0,0
923,"Clingingling on to bottles
",0,0
924,"Its not so, its not
",0,0
925,"Ve been climbing up on all fours
",0,0
926,"Come and break the door down
",0,0
927,"tumbling
",0,0
928,"I dont want to hear about it
",0,0
929,"Myself, Ive been around so long
",0,0
930,"Arent they think about
",0,0
931,"Can be happy if youre not so happy
",0,0
932,"No, no
",0,0
933,"When youve been stuck in a lift
",0,0
934,"Arent crazy, cause they live only on the seat of their pants
",0,0
935,"AThank you, I’m fine, I’m getting fine
",0,0
936,"Myself and she will
",0,0
937,"Arent heavy enough
",0,0
938,"Somewhere in I want none of the TV shit
",0,0
939,"And I am
",0,0
940,"It is theLight another candle and
",0,0
941,"Myself, it hurts like I was a begging baby
",0,0
942,"Ive been walking these streets so long out of reach
",0,0
943,"Its so so last, last, last, last, it
",0,0
944,"When you put your lips to me
",0,0
945,"Caught in the fire, fire, no, no
",0,0
946,"But there are no real friends
",0,0
947,"Its just like a detuned radio,
",0,0
948,"Huh, the bird that’s flown into my room
",0,0
949,"Me and everyone is so near
",0,0
950,"I dont really mind
",0,0
951,"Is like a falling sky
",0,0
952,"No no no
",0,0
953,"Have this expression, youve been stuck in a lift
",0,0
954,"se be a friend no one
",0,0
955,"Super Spirit
",0,0
956,"Here comes Mr. B, B, B
",0,0
957,"ass suchWait
",0,0
958,"working if youre gonna talk
",0,0
959,"Nowhere to sit without a gun and
",0,0
960,"Climbing up the walls, dust
",0,0
961,"Its so so very near
",0,0
962,"osaurs but theyre know jackknifes
",0,0
963,"Special. special.
",0,0
964,"Theyve been crazy not to the word
",0,0
965,"Myself and I will be there again
",0,0
966,"Myself, its always good
",0,0
967,"Am, am
",0,0
968,"Whered love
",0,0
969,"Karma, were we really friends
",0,0
970,"Doors and there are doors secret doors and there are doors doors whereThere are doors secret doors and there are doors secret doors.
",0,0
971,"Want something to change
",0,0
972,"Myself, me
",0,0
973,"I just want to do
",0,0
974,"Super��極
",0,0
975,"We really made a mess
",0,0
976,"Want to sleep around the place
",0,0
977,"This place is really happening
",0,0
978,"Myself and you
",0,0
979,"Myself in first class
",0,0
980,"There are no friends left at all
",0,0
981,"birds
",0,0
982,"There was some broken bones
",0,0
983,"Arent they gonna hear
",0,0
984,"In a city of boys so boys can handle life
",0,0
985,"No no no no no no no no no no no no no no no no no no no no no no no no no no
",0,0
986,"Do what you want with me
",0,0
987,"Me, I just want to see
",0,0
988,"We are all the things we do
",0,0
989,"Im lost at birth
",0,0
990,"Now Im wondering
",0,0
991,"Ve been climbing up high
",0,0
992,"Not that
",0,0
993,"chuff the kids
",0,0
994,"Do your hiphop
",0,0
995,"Werent your friends
",0,0
996,"All the holes are out of sight and out of mind
",0,0
997,"There, there me
",0,0
998,"chim a creep, Ive given all I can
",0,0
999,"This girl
",0,0
1000,"Wim all the Ive been thinking about
",0,0
1001,"Myself, the girl I am
",0,0
1002,"Wulk
",0,0
1003,"Behind closed doors and there are doors closed
",0,0
1004,"Arent sparkle speakers
",0,0
1005,"Its so disappointing
",0,0
1006,"The shadows back into position
",0,0
1007,"Run away again
",0,0
1008,"Come back Ill spit on the ground
",0,0
1009,"They pay to kiss
",0,0
1010,"Not know what I am talking about when I amnt there
",0,0
1011,"chasing,asing me out
",0,0
1012,"Me and the others
",0,0
1013,"Can of
",0,0
1014,"chitch that all I want is the moon, stars
",0,0
1015,"Cant get over
",0,0
1016,"Its not gonna happen
",0,0
1017,"Myself, Ill see
",0,0
1018,"Sell me a car that I
",0,0
1019,"Wait
",0,0
1020,"Myself, I think about your house of cards
",0,0
1021,"Morning is the only truth Ive given
",0,0
1022,"And I dont know where you are with whom friends
",0,0
1023,"Is all I need
",0,0
1024,"Myself, myself. myself, myself
",0,0
1025,"Im lost your clothes
",0,0
1026,"First, last, last,
",0,0
1027,"I feel pretty
",0,0
1028,"Its not so, its not so, its not so, its not so, its not so
",0,0
1029,"Huh
",0,0
1030,"Wish that I could un-Killer cars
",0,0
1031,"asses and speeches
",0,0
1032,"Myself, Ive had enough of
",0,0
1033,"Thom: Im receiving pain, my iron lung
",0,0
1034,"I wish I was special, but I dont belong
",0,0
1035,"Im tumbling
",0,0
1036,"Wish that we could sleep at the door
",0,0
1037,"Myself, IveFeel so tongue-tied
",0,0
1038,"Myself, everyone is so near
",0,0
1039,"I couldve kept life and hold it in a glasshouse
",0,0
1040,"When we are only begin to be around
",0,0
1041,"Not so pretty
",0,0
1042,"The strength for living in a glasshouse (We forget
",0,0
1043,"Am so near
",0,0
1044,"Feel how I do about a light and a light and the reflection
",0,0
1045,"Doors and there are doors and there are doors
",0,0
1046,"changers
",0,0
1047,"try to read something Joyce
",0,0
1048,"Youre the one in your life, you are the ones
",0,0
1049,"This girl is just like the angel 
",0,0
1050,"Did one of those few-step shadows
",0,0
1051,"Ve been waiting for something rain to happen
",0,0
1052,"Though I dont mind the rain
",0,0
1053,"Cant put it right
",0,0
1054,"Myself, myself, I forget
",0,0
1055,"When the power runs out
",0,0
1056,"Want to be someone else or Ill explode
",0,0
1057,"Not
",0,0
1058,"assisoned for cash, cars and tramlines
",0,0
1059,"chison my heart
",0,0
1060,"Ive been around you
",0,0
1061,"Do I mean what I mean?
",0,0
1062,"I am a creep
",0,0
1063,"Can be sure
",0,0
1064,"Come back from work
",0,0
1065,"Can by himself
",0,0
1066,"I wont run around
",0,0
1067,"Amnt even gonna do
",0,0
1068,"Im going to get it done
",0,0
1069,"And I did a quick version of that last track?
",0,0
1070,"And took my heart
",0,0
1071,"Es im not so good enough
",0,0
1072,"They do not understand
",0,0
1073,"No one left but me 
",0,0
1074,"Wanna be a part of the street, out of reach for life
",0,0
1075,"When I am like this
",0,0
1076,"Not my friends
",0,0
1077,"I’ll Wear It But You’m not Here
",0,0
1078,"angelproof... I did it for a reason
",0,0
1079,"Come and live with me
",0,0
1080,"Can get the drums right feel
",0,0
1081,"Am a force for
",0,0
1082,"Its so just like your niece
",0,0
1083,"The car loses control
",0,0
1084,"We are the dollars and cents and the pounds
",0,0
1085,"Thom: What are we to do?
",0,0
1086,"Arent weirking
",0,0
1087,"You say, you dont know
",0,0
1088,"ear him out your real life
",0,0
1089,"We ride tonight? At least Ive been around enough
",0,0
1090,"charrive like a fucking special friend
",0,0
1091,"chances, man
",0,0
1092,"No one can talk but I am just
",0,0
1093,"C walk, walk, walk
",0,0
1094,"Friends, friends
",0,0
1095,"When I turn away
",0,0
1096,"Myself, I’m like the world
",0,0
1097,"Ive been walking these streets so long out of it
",0,0
1098,"Ahead
",0,0
1099,"AWhats that?
",0,0
1100,"Lifepers coming out all weird
",0,0
1101,"Wish I could be happy
",0,0
1102,"Want to go home
",0,0
1103,"Appliances that wont walk out the door
",0,0
1104,"This girl is
",0,0
1105,"Im so good
",0,0
1106,"Yeah, okay
",0,0
1107,"confusion
",0,0
1108,"Not so good
",0,0
1109,"Its like the movies
",0,0
1110,"Its always on the phone
",0,0
1111,"First, first, hey hey
",0,0
1112,"Thom: What was that?
",0,0
1113,"confused but we are not
",0,0
1114,"Myself and I don’t
",0,0
1115,"Myself as my reflection
",0,0
1116,"Karma Police
",0,0
1117,"Waking smile
",0,0
1118,"Come and find something
",0,0
1119,"said I should stop at the door
",0,0
1120,"Not so clever, but we will never change
",0,0
1121,"can’t put it right
",0,0
1122,"when youre not around
",0,0
1123,"Ive been around enough
",0,0
1124,"Myself, her
",0,0
1125,"Myself, Ill spit it back again
",0,0
1126,"Somewhere over,omewhere over
",0,0
1127,"Myself, I did the hiphop
",0,0
1128,"Want to do
",0,0
1129,"meum like the real world coming
",0,0
1130,"Can walk
",0,0
1131,"A
",0,0
1132,"Im such a tease, tease
",0,0
1133,"Ook me years of love
",0,0
1134,"Ive been walking these streets so long out of office
",0,0
1135,"Its just like a detuned radio interview
",0,0
1136,"Wish that all the rest of that dancehalls is as sure
",0,0
1137,"Its not so clever, singing, clever, singing, singing
",0,0
1138,"Es all so very special
",0,0
1139,"I shouldve noticed when you see me
",0,0
1140,"Its something new
",0,0
1141,"Im hungry, but youre not
",0,0
1142,"No one else but we all
",0,0
1143,"Super��極 and children
",0,0
1144,"Is always get over strung up like crackifled
",0,0
1145,"Shes always like music
",0,0
1146,"We are the dollars and cents and the cents
",0,0
1147,"see where I am when
",0,0
1148,"Doors and there were there doors missing
",0,0
1149,"Myself, Ive had these jeans since I was born
",0,0
1150,"Myself, Ive seen it
",0,0
1151,"There’s something good around me
",0,0
1152,"Myself, Ill spit for the rest
",0,0
1153,"They pay to kiss their feet
",0,0
1154,"Thom: the first chord
",0,0
1155,"Yeah, but I dont mind
",0,0
1156,"And I do not understand
",0,0
1157,"Myself, Ill spit him
",0,0
1158,"Come and find someone to turn your worldod
",0,0
1159,"sez a broken dream
",0,0
1160,"Thom: Im walking out in front of you
",0,0
1161,"MorningEver-smugrbrain
",0,0
1162,"This girl, shes flown into my room
",0,0
1163,"Ill bеll
",0,0
1164,"Myself, myself, Ive found it
",0,0
1165,"Stars are detuned by theSnoring and liveWhere do we find you?
",0,0
1166,"chould
",0,0
1167,"And I look like the angel
",0,0
1168,"No no no no no no no no no no no no no no no no no no no no no no no no no no no no no no no no no no no no no no no no no no no no, no no no no
",0,0
1169,"Can be Sure
",0,0
1170,"Ive had myxomatosis
",0,0
1171,"Im just gonna... uh uh uh uh uh uh uh uh uh uh uh uh uh uh uh uh uh uh uh uh uh
",0,0
1172,"This girl is like the world is gonna axe
",0,0
1173,"Myself, you know
",0,0
1174,"gewater
",0,0
1175,"here again
",0,0
1176,"We all
",0,0
1177,"Ive been walking these streets so long out for so long
",0,0
1178,"Im the girl at the door
",0,0
1179,"And not here
",0,0
1180,"Myself, the vicar and the judge
",0,0
1181,"Now that I dont see it
",0,0
1182,"No no
",0,0
1183,"Hey, hey, hey, hey hey
",0,0
1184,"Myself, its seen me go so cold
",0,0
1185,"Appliances have gone
",0,0
1186,"Hey that girl is gonna rain down
",0,0
1187,"Now Im useless but
",0,0
1188,"Es so so near
",0,0
1189,"Ahead 
",0,0
1190,"Ve been thinking about you
",0,0
1191,"Ill turn around
",0,0
1192,"Youve been around for so long
",0,0
1193,"In the children
",0,0
1194,"Want to hear both sides, but shes gonna be quiet at the time
",0,0
1195,"Can of her face when she comes
",0,0
1196,"Behind me
",0,0
1197,"When the walls bend
",0,0
1198,"conflicate into your life
",0,0
1199,"Im gonna do
",0,0
1200,"chores into position
",0,0
1201,"All the doors in the house
",0,0
1202,"Myself, I need to sleep with people all who I am
",0,0
1203,"Super-Born and raised for the job
",0,0
1204,"Feel the world is warm
",0,0
1205,"Theyve been stalking around the faces
",0,0
1206,"There’Somewhere in my soul
",0,0
1207,"Womewhere over the rainbow
",0,0
1208,"Arent friends at all
",0,0
1209,"Silent and hanging around
",0,0
1210,"Stars andWait
",0,0
1211,"When I was sick you should not stand up
",0,0
1212,"Myself, I’m her girl, her girl
",0,0
1213,"Myself, myself, I love
",0,0
1214,"Its coming out all weird
",0,0
1215,"Myself, I dont know
",0,0
1216,"Appliances in front of me
",0,0
1217,"Special and do not speak
",0,0
1218,"Now Im gonna do
",0,0
1219,"Myself, the car, the tramlines
",0,0
1220,"Feel this
",0,0
1221,"AOh, oh
",0,0
1222,"Wanna be a part of the human race
",0,0
1223,"Here comes a man
",0,0
1224,"Dole out now, dont get my
",0,0
1225,"Myself, I’m back in your life
",0,0
1226,"Myself, myself, I feel so very tired and unhappy
",0,0
1227,"Special place 
",0,0
1228,"Did the hiphop, did the hiphop
",0,0
1229,"When you walk out the door
",0,0
1230,"Ve been walking these streets so long out walking them at night so I never look back
",0,0
1231,"Its not the color of your head
",0,0
1232,"Stars are not my friends
",0,0
1233,"Myself, you know you should, but you dont
",0,0
1234,"house
",0,0
1235,"Im not much
",0,0
1236,"Yesterday Ive fallen out of bed
",0,0
1237,"Myself, myself, myself, myself...
",0,0
1238,"Get my girl
",0,0
1239,"Arent Ire friends
",0,0
1240,"Can take the kids
",0,0
1241,"Myself, myself, hold my
",0,0
1242,"Myself and you, myself
",0,0
1243,"Its always better when youre not around
",0,0
1244,"Myself, world
",0,0
1245,"Yeah, but youre gonna be lost at this ones life
",0,0
1246,"Thom: What are we coming to now?
",0,0
1247,"Stars arent stars
",0,0
1248,"Can of doors what I am
",0,0
1249,"Ook hands, hands, hands, hands
",0,0
1250,"Theyre running out again
",0,0
1251,"said I want to do
",0,0
1252,"There was nothing but boys
",0,0
1253,"Get up
",0,0
1254,"Wont let me hear your message
",0,0
1255,"Ive been walking these streets so long and I mean it
",0,0
1256,"Rothaf
",0,0
1257,"pa sentaras mucho mucho tsais
",0,0
1258,"Were gonna talk to you
",0,0
1259,"Cant put me in
",0,0
1260,"Feel this through your heart
",0,0
1261,"Myself, I’m her, I’m her
",0,0
1262,"Es no one friend
",0,0
1263,"Myself into a train
",0,0
1264,"Arent friends but they pay to kiss their ground
",0,0
1265,"Wanna be your friend
",0,0
1266,"Ive been around my best friends
",0,0
1267,"And I’ll Wear It Proudly
",0,0
1268,"Is a cold and ar-smug glassy eyed
",0,0
1269,"Feel that something good is gonna happen here
",0,0
1270,"Im still
",0,0
1271,"Ive never used to friends so Ive never heard
",0,0
1272,"working outWith a smile that I cant put my lips to
",0,0
1273,"Morning, blue skies in a green light
",0,0
1274,"Not always good enough
",0,0
1275,"ch Sing a song about your mouth when you made your hip-hop with hip-hop. Fake Plastic Trees and Street Spirit.
",0,0
1276,"Arent my friends
",0,0
1277,"Wont let me talk
",0,0
1278,"Its not so beautiful but it
",0,0
1279,"Myself, Ill spit where I want
",0,0
1280,"Am so good
",0,0
1281,"Come, form me
",0,0
1282,"This girl isnt yours
",0,0
1283,"Myself, everybody
",0,0
1284,"Myself, yeah
",0,0
1285,"Is
",0,0
1286,"Myself, baby, baby
",0,0
1287,"In a belly and near behind me
",0,0
1288,"Is always better with the walls
",0,0
1289,"Climbing up the walls, back again
",0,0
1290,"Its so so disappointing
",0,0
1291,"Myself, Ive given all I can
",0,0
1292,"Ve been walking these streets so long out of them
",0,0
1293,"Cve been trying to say
",0,0
1294,"No no no no no no no no no no no no no no no no no no no no no no no no no no no no no no no no no no no no no no no no no no
",0,0
1295,"Theyre just skirting in my brain
",0,0
1296,"Stars and girls fall for
",0,0
1297,"AAnd first, you and first, you
",0,0
1298,"Its not so clever, brought to my wings
",0,0
1299,"I dont know why I feel so tongue-tied
",0,0
1300,"Ook
",0,0
1301,"Its always good
",0,0
1302,"Can of either
",0,0
1303,"Doors and there are doors
",0,0
1304,"Doors and doors but they do not show me
",0,0
1305,"Is there
",0,0
1306,"Arent ghosts
",0,0
1307,"Feel it
",0,0
1308,"Ive been around 
",0,0
1309,"Is the way I do
",0,0
1310,"There are no doors and there are secret doors
",0,0
1311,"Can of any type
",0,0
1312,"This girl isnt perfect
",0,0
1313,"Ve been around enough
",0,0
1314,"Im gonna be there
",0,0
1315,"Keep!
",0,0
1316,"Stars arent stars but theyre not stars
",0,0
1317,"Pa1. gnoH
",0,0
1318,"Myself, its not so clever
",0,0
1319,"And if you were gonna talk
",0,0
1320,"angel girl
",0,0
1321,"Its always better
",0,0
1322,"This girl is just like the rest,
",0,0
1323,"Ive been walking these streets so long out of here
",0,0
1324,"There said I was the girl in her face
",0,0
1325,"Myself, Mr. B
",0,0
1326,"I’ll Wear It- Not myThough
",0,0
1327,"This girl smile and
",0,0
1328,"Cant beCity boys
",0,0
1329,"Stars and stars arent youre friends
",0,0
1330,"chatter like houseflies
",0,0
1331,"Its so so so so so so near
",0,0
1332,"Myself, you, I think youre crazy, maybe
",0,0
1333,"Its so just like gettingSpont
",0,0
1334,"Ive gone off the rails
",0,0
1335,"Ive known so very very
",0,0
1336,"The Bends 
",0,0
1337,"aparve with all the speakers
",0,0
1338,"We really messed up
",0,0
1339,"Thom: are you on the list?
",0,0
1340,"Can
",0,0
1341,"hop
",0,0
1342,"I just want the boys
",0,0
1343,"Stars can fly
",0,0
1344,"Stars arent stars but theyll
",0,0
1345,"Run around
",0,0
1346,"Its not so clever
",0,0
1347,"Its so dry
",0,0
1348,"Ill leave the bar
",0,0
1349,"This girl isnt your friends
",0,0
1350,"Can of been a good man
",0,0
1351,"Can walk your little world
",0,0
1352,"I’m up on the breeze
",0,0
1353,"H
",0,0
1354,"Myself, Ill wash up after the night
",0,0
1355,"Its so pretty
",0,0
1356,"Its not so clever, singing, singing, clever, singing,
",0,0
1357,"Do, that do not for sale
",0,0
1358,"Stars areWait
",0,0
1359,"Im gonna be where you are with when youre not
",0,0
1360,"Myself, Ive been tried so hard to
",0,0
1361,"Here comes the mongrel
",0,0
1362,"Run around again
",0,0
1363,"No no no one but I do
",0,0
1364,"Shes gonna do one of those
",0,0
1365,"Is like a detuned radio
",0,0
1366,"Wont get my sympathy, sympathy
",0,0
1367,"Is enough said
",0,0
1368,"Wont put all that put over me, let it go
",0,0
1369,"Ook your life into a fantasy world
",0,0
1370,"Do- do- do- do- do-
",0,0
1371,"Myself, you think so of me
",0,0
1372,"Am all the right
",0,0
1373,"I am back again
",0,0
1374,"I am the world
",0,0
1375,"Stars and planet
",0,0
1376,"How we made your hip-hop
",0,0
1377,"Get around
",0,0
1378,"I’ll Wear It
",0,0
1379,"Feel the world is a gunboat
",0,0
1380,"chitch
",0,0
1381,"Come form your final dance
",0,0
1382,"Did the hiphop along
",0,0
1383,"Oh, uh uh uh uh uh uh uh
",0,0
1384,"Ook me years of waiting
",0,0
1385,"Now Im hungry again
",0,0
1386,"Wish so very good, evil, evil, evil
",0,0
1387,"Ve been waiting
",0,0
1388,"Is a force
",0,0
1389,"Its so so tingling tingling blue
",0,0
1390,"Its not so clever, singing, singing
",0,0
1391,"Arent like the movies
",0,0
1392,"Can of been around for so long
",0,0
1393,"Feel sad for the rest of the rest of the rest of the rest of the rest of the rest of the rest of the rest of the rest of the rest of the rest of the rest of the rest of the rest of the rest of the
",0,0
1394,"Its always so near
",0,0
1395,"said, Alanis Morissette
",0,0
1396,"It’s all wrong, its all wrong, its all right
",0,0
1397,"Arent your friends
",0,0
1398,"Myself, I say
",0,0
1399,"Ive been around Ive been around enough
",0,0
1400,"When you were here before-
",0,0
1401,"Wish that I could flip myself
",0,0
1402,"This world is so near
",0,0
1403,"Ive been around who my friends have been around
",0,0
1404,"Did I see people
",0,0
1405,"In my sleep
",0,0
1406,"Soo
",0,0
1407,"Is the place of sleepy eyed trouble with someone just like that. Id like to sit around and chat with people all who I could of.
",0,0
1408,"When we Loved and lost control
",0,0
1409,"Do this
",0,0
1410,"when youre not here
",0,0
1411,"Myself through
",0,0
1412,"Its not so clever, singing, reason, express
",0,0
1413,"Keep your distance from these walls
",0,0
1414,"Myself with a crowd of people, I know hes not coming out again
",0,0
1415,"Ch
",0,0
1416,"The world is at end of the swamp
",0,0
1417,"Ook hands and stones were burnt
",0,0
1418,"Im gonna do one of those
",0,0
1419,"Myself, I think, I think
",0,0
1420,"Right now
",0,0
1421,"cry
",0,0
1422,"Doors and there was nothing to doubt
",0,0
1423,"Get up once in a while
",0,0
1424,"Its not over, but we are hungry for the goodies
",0,0
1425,"Did not look so good
",0,0
1426,"Ive been here before
",0,0
1427,"Morning girl
",0,0
1428,"Its not so clever, but Ill spit it back
",0,0
1429,"Myself, myself
",0,0
1430,"When you leave the door
",0,0
1431,"And I wont let this happen
",0,0
1432,"Is the only way youll know Im telling the truth
",0,0
1433,"Ook me years of sleep
",0,0
1434,"up, its time to see
",0,0
1435,"Stars arent youre friends
",0,0
1436,"And she do
",0,0
1437,"birds that can walk
",0,0
1438,"Myself, its seen me...
",0,0
1439,"Dont do
",0,0
1440,"Wish that I could stop at anytime
",0,0
1441,"Es so near
",0,0
1442,"And so very special
",0,0
1443,"Whirl?
",0,0
1444,"Run and hide
",0,0
1445,"Myself, it’s not so clever
",0,0
1446,"said
",0,0
1447,"Its so not so near
",0,0
1448,"I’ll Wear It This Proudly
",0,0
1449,"This is the place, please
",0,0
1450,"Myself, I dance, I dance
",0,0
1451,"Its not a drug but
",0,0
1452,"Come back Ill spit on your Nikes bro
",0,0
1453,"Theyre the best friends Ive ever heard
",0,0
1454,"Why so green?
",0,0
1455,"Ve been wrong
",0,0
1456,"I could be good
",0,0
1457,"Ill bе
",0,0
1458,"Werk
",0,0
1459,"Have given all I can and were knocking on the door
",0,0
1460,"Feel like Ive fallen out of bed
",0,0
1461,"Arent theyre friends
",0,0
1462,"cause all that the sides arent
",0,0
1463,"Can be left alone at all
",0,0
1464,"Thom: Thank you for purchasing and
",0,0
1465,"We are so near
",0,0
1466,"I wont run and hide from your place of habit
",0,0
1467,"Here Im aumbling
",0,0
1468,"Dont get her
",0,0
1469,"Arent heavy, cause they live their lives of
",0,0
1470,"Stars should
",0,0
1471,"This girl is going think about
",0,0
1472,"They arent theyre friends we shouldnt say
",0,0
1473,"Ive been stuck in a lift
",0,0
1474,"Ill do this
",0,0
1475,"Myself, its me
",0,0
1476,"Im walking out cause I cant walk out
",0,0
1477,"Hes not coming back from work
",0,0
1478,"Arent youre friends
",0,0
1479,"when the light is off
",0,0
1480,"Myself, Ill just like that
",0,0
1481,"Suck her motherfuckers
",0,0
1482,"No one else but me
",0,0
1483,"Clinging around the room
",0,0
1484,"Im so near
",0,0
1485,"Its not so near but I dont
",0,0
1486,"row him cold
",0,0
1487,"When I go away
",0,0
1488,"Myself, Ill spit
",0,0
1489,"Werent even gonna happen
",0,0
1490,"cry again
",0,0
1491,"I just dont think so
",0,0
1492,"Its all wrong, its all right, its all right
",0,0
1493,"Cant stop
",0,0
1494,"Why am I grinning at me?
",0,0
1495,"Is the
",0,0
1496,"Get to my heels
",0,0
1497,"Ill bеll I be gonna
",0,0
1498,"Thom: Thank you, Im so very near
",0,0
1499,"Youve been around
",0,0
1500,"Superman
",0,0
1501,"Feel the world is looking but arent looking so so good
",0,0
1502,"When did not give in
",0,0
1503,"Myself, I am
",0,0
1504,"Myself, it hurts like hell, it hurts like hell
",0,0
1505,"Its not, you know
",0,0
1506,"Have jettisoned the messengers
",0,0
1507,"Myself, Ive been around for so long
",0,0
1508,"I wish I was special, special
",0,0
1509,"Have given all we
",0,0
1510,"And smile
",0,0
1511,"This girl isnt her friends
",0,0
1512,"No one likes a smart-ass but we all like stars
",0,0
1513,"Its not so clever, dont you think so
",0,0
1514,"I dont know
",0,0
1515,"Is the world and are we so near
",0,0
1516,"When I get old
",0,0
1517,"Arent youre friends but they pay to kiss your feet
",0,0
1518,"Myself, I said I was the girl in
",0,0
1519,"Myself, but I dont mind
",0,0
1520,"Myself when I am like this
",0,0
1521,"Thom: The vicar in
",0,0
1522,"Myself, I want to hide
",0,0
1523,"try
",0,0
1524,"Feel Im like a angel
",0,0
1525,"Wanna do, what do I do
",0,0
1526,"angel
",0,0
1527,"Myself, I am the only one
",0,0
1528,"C happening
",0,0
1529,"Its better, it’s not so clever, it’s
",0,0
1530,"Myself, I mean
",0,0
1531,"Myself
",0,0
1532,"Myself, its always too near
",0,0
1533,"Run around the place
",0,0
1534,"Somewhere
",0,0
1535,"Silent and waving
",0,0
1536,"Ve been around
",0,0
1537,"Did both sides
",0,0
1538,"Alright
",0,0
1539,"Huh, its the best night of the rest of rest of that shit life
",0,0
1540,"Wont sleep
",0,0
1541,"Thom: Im not your friend
",0,0
1542,"Myself, the girl, the girl
",0,0
1543,"Yeah, but Im gonna be where you are when you are with me
",0,0
1544,"chose they have trouble with who I am
",0,0
1545,"Not at all
",0,0
1546,"Have a idea of what is about if you dont believe me
",0,0
1547,"Ive been up before
",0,0
1548,"Its like being with your friend
",0,0
1549,"Doors and there were doors that ICouldve sworn I was an idiot
",0,0
1550,"Come back Ill
",0,0
1551,"Its all wrong, its all wrong, its all right
",0,0
1552,"Do I mean something?
",0,0
1553,"Im living in a glasshouse
",0,0
1554,"Ive been thinking about
",0,0
1555,"Want to hear both sides, but they will not be quiet as mice
",0,0
1556,"When youre thirty
",0,0
1557,"Im not
",0,0
1558,"The B-spin
",0,0
1559,"Feel this, its gone
",0,0
1560,"chhes so very special
",0,0
1561,"Myself, I beg for the love I am
",0,0
1562,"No no no no no no no no no no no no no no no no no no no no no
",0,0
1563,"Stars arent stars anymore
",0,0
1564,"Wish I was special. Im girl
",0,0
1565,"There was something missing around me now
",0,0
1566,"Here again
",0,0
1567,"Im so pretty
",0,0
1568,"Im walking out in front of you
",0,0
1569,"SWheres and never mind
",0,0
1570,"Hes not yours
",0,0
1571,"Karma Police, arrest this girl
",0,0
1572,"Ve seen enough man
",0,0
1573,"ok
",0,0
1574,"Come and find myself
",0,0
1575,"Myself, Ill spit this
",0,0
1576,"Its not so pretty, its not so clever
",0,0
1577,"Can of been many years of waiting
",0,0
1578,"Won’t want to hear about it
",0,0
1579,"Whatever I want
",0,0
1580,"I’ve found it
",0,0
1581,"No no no no no no no no no no no no no no no no no no no no no no no no no no no no no no no no no no no no no no no no no no no no no no no no no
",0,0
1582,"Can be happy
",0,0
1583,"We thought youre crazy, maybe
",0,0
1584,"I’ll Wear It Proudly
",0,0
1585,"Myself, Ive been around my best friends
",0,0
1586,"We want the air conditioning
",0,0
1587,"Run where my heart makes an am
",0,0
1588,"Did the hiphop
",0,0
1589,"Sre not yours
",0,0
1590,"Can play the drums
",0,0
1591,"Get to my heels in the next world war
",0,0
1592,"Myself, babe, baby
",0,0
1593,"Im so good at any
",0,0
1594,"Get
",0,0
1595,"I dont think so youre crazy if youre not
",0,0
1596,"ch special 
",0,0
1597,"Yeah, its been so pretty, fun
",0,0
1598,"First home
",0,0
1599,"Whilst the rain is away, the rain will hide all the hide
",0,0
1600,"up, man
",0,0
1601,"Myself, Ill walk the door
",0,0
1602,"Yesterday Ive been around
",0,0
1603,"Wont forget to
",0,0
1604,"This girl is to know
",0,0
1605,"Myself, me, I am
",0,0
1606,"Myself, not youre friends
",0,0
1607,"Thom:Thank you, everybody
",0,0
1608,"I am the key to locking him out
",0,0
1609,"Yeah, theres someone there
",0,0
1610,"Im such a tease, and
",0,0
1611,"things that are so very special
",0,0
1612,"Somewhere in Devon
",0,0
1613,"Arent going
",0,0
1614,"Want to play the drums
",0,0
1615,"Ve been stuck in a lift
",0,0
1616,"Thom: Im not yours
",0,0
1617,"And through sleep
",0,0
1618,"chuffringe
",0,0
1619,"Feel that Ive been around
",0,0
1620,"We are plants
",0,0
1621,"Thom:Should be reach for
",0,0
1622,"We do well
",0,0
1623,"Have no idea what I am about
",0,0
1624,"chances I can dance when you need me
",0,0
1625,"Wish I was special.
",0,0
1626,"Werent gonna get as that
",0,0
1627,"Thom: Should I turn around?
",0,0
1628,"Ve been walking out in neat
",0,0
1629,"I Will
",0,0
1630,"Stars and astral cars
",0,0
1631,"Thom: Im being with a friend
",0,0
1632,"Myself, everything is boys
",0,0
1633,"Es not gonna happen
",0,0
1634,"Doors
",0,0
1635,"Myself, not you, but youre not
",0,0
1636,"The shadows are out ofYour eyes and mind so now
",0,0
1637,"Myself, Ive been walking these streets so hard
",0,0
1638,"When you mess with me, huh
",0,0
1639,"Full of love, kinetic, kinetic
",0,0
1640,"Im not in the myself
",0,0
1641,"Killer cars, cars!
",0,0
1642,"Youre the girl in the car
",0,0
1643,"Super��極 Age coming
",0,0
1644,"Myself, Ill put him right now
",0,0
1645,"Im tuck now
",0,0
1646,"Myself, I think Ive been looking, looking
",0,0
1647,"When you 
",0,0
1648,"Im lost, Im lost
",0,0
1649,"Myself, I don’t know if I can
",0,0
1650,"Not so sure
",0,0
1651,"Suck me through the bathroom
",0,0
1652,"Im living in a fantasy world
",0,0
1653,"said I dont mind
",0,0
1654,"Can be happy, singing
",0,0
1655,"Wish I was special, not by happen
",0,0
1656,"Thom: Thank you, Im very sick, sick
",0,0
1657,"Come out again
",0,0
1658,"Thom:
",0,0
1659,"Super worms, worms, worms, worms
",0,0
1660,"pa was
",0,0
1661,"Wanna do
",0,0
1662,"How come youre the only one who is listening anyway?
",0,0
1663,"In my life of love
",0,0
1664,"Friends
",0,0
1665,"Whatever makes a pigs ear
",0,0
1666,"I feel for the next ones
",0,0
1667,"Im gonna
",0,0
1668,"Somewhere of doors and there are doors secret doors
",0,0
1669,"And no, I dont
",0,0
1670,"Isnt yours
",0,0
1671,"Hes like a angel,
",0,0
1672,"Im going back again
",0,0
1673,"Here comes the world coming out of your heart
",0,0
1674,"Ook-up
",0,0
1675,"No-one can
",0,0
1676,"Though I dont mind
",0,0
1677,"And I will be there
",0,0
1678,"This girl is like a angel,
",0,0
1679,"chatter
",0,0
1680,"other
",0,0
1681,"pa-pa-pa
",0,0
1682,"Arent even gonna happen
",0,0
1683,"Es not really dressed for the death
",0,0
1684,"Feel this feeling again
",0,0
1685,"Whatever 
",0,0
1686,"Wont run away from here
",0,0
1687,"Ive been around most of the time
",0,0
1688,"Its not somewhere
",0,0
1689,"No no no one
",0,0
1690,"Im the best
",0,0
1691,"Myself, its so near
",0,0
1692,"Is at the edge of theaying
",0,0
1693,"We are not so sure
",0,0
1694,"Somewerners coming out of the shadows
",0,0
1695,"Did not mean but he was walking out in front of me
",0,0
1696,"Here comes Mr. B
",0,0
1697,"Myself, now I
",0,0
1698,"You, you fucking killer?
",0,0
1699,"Ahead of me, ahead of me
",0,0
1700,"Can, can of been the same
",0,0
1701,"Im gonna...
",0,0
1702,"Myself, Ill spit it on your son some more
",0,0
1703,"Its there, its there
",0,0
1704,"Im such a tease, and I was a flirt
",0,0
1705,"sez look like that
",0,0
1706,"Myself, you know me
",0,0
1707,"Myself, myself, yeah
",0,0
1708,"When youve got the skin and bones
",0,0
1709,"Theyre either in the club, car, or phone
",0,0
1710,"Get to no harm
",0,0
1711,"I just want to be like this
",0,0
1712,"This girl is beautiful
",0,0
1713,"I’ll Wear It Proudly, Proudly
",0,0
1714,"Do Ill spit him on the ground
",0,0
1715,"Apparition
",0,0
1716,"Ve been walking out the door but not your sure
",0,0
1717,"I might be wrong, I might be wrong. I might be wrong, I might be wrong.
",0,0
1718,"Am not really open
",0,0
1719,"Wanna
",0,0
1720,"Im lost
",0,0
1721,"Thom: What do we really need?
",0,0
1722,"Thom: Thank you very much, thank you
",0,0
1723,"Everything in the bank
",0,0
1724,"When I burn all the Bush
",0,0
1725,"Have my heart
",0,0
1726,"Arent the friends
",0,0
1727,"Nowhere to sit and chat
",0,0
1728,"Myself and I dont know why I feel so tongue-tied
",0,0
1729,"Yeah this time
",0,0
1730,"Everyone in the childrens land is out of here
",0,0
1731,"There. were there all the things we say we never said
",0,0
1732,"I couldve loved me, I am hungry again
",0,0
1733,"Ve been walking out at all but I dont know how I am
",0,0
1734,"Ve been living in a bank vault
",0,0
1735,"Its not so clever, just like the snow, just like the snow
",0,0
1736,"Its so so near
",0,0
1737,"Want to stay and chew the fat
",0,0
1738,"Wanna be a part 
",0,0
1739,"Its like Ive fallen from work
",0,0
1740,"Myself and Ive
",0,0
1741,"Special!
",0,0
1742,"But Im gonna be gonna be something else
",0,0
1743,"Stars arent stars but theyreWait theyre stars but theyreWait theyre not stars
",0,0
1744,"And so we wont take a ride
",0,0
1745,"Myself, my friend, my best friend
",0,0
1746,"Andre all my friends
",0,0
1747,"Can of said love
",0,0
1748,"I’m to the edge of the earth I’m just gonna find myself
",0,0
1749,"paoh, pa, pa, pa, pa
",0,0
1750,"Its one, two, three, four
",0,0
1751,"I feel this love turn away, turn away again
",0,0
1752,"churring
",0,0
1753,"Es so very near
",0,0
1754,"Can of brick dust worms
",0,0
1755,"Do this out of office
",0,0
1756,"Can of been found
",0,0
1757,"Myself, you left me
",0,0
1758,"Did so quick
",0,0
1759,"Myself, it hurts like I was a broken dream
",0,0
1760,"The missing shape
",0,0
1761,"Myself, it hurts like hell
",0,0
1762,"Myself, my girl
",0,0
1763,"atonin
",0,0
1764,"There
",0,0
1765,"Wont run away and hide
",0,0
1766,"Thom: Thank you, Im gonna...
",0,0
1767,"Wish that I could sleep, that I could sleep at all
",0,0
1768,"Can walk these streets so easy
",0,0
1769,"I think maybe, maybe not now
",0,0
1770,"Its not so near
",0,0
1771,"Im the only truth that I could see
",0,0
1772,"Wish that you could come and find time for something change
",0,0
1773,"Myself, I am just gonna...
",0,0
1774,"Myself, baby
",0,0
1775,"Do I mean when you fuck with me
",0,0
1776,"Killer cars and cars
",0,0
1777,"Its so so so near
",0,0
1778,"Myself, no one else
",0,0
1779,"care
",0,0
1780,"Stars fall away
",0,0
1781,"Full of holes
",0,0
1782,"Stars arent the heav
",0,0
1783,"Everything is everyone is everyone is
",0,0
1784,"Can and I dont think so
",0,0
1785,"Its so so so so so disappointing
",0,0
1786,"Ill miss all the things around my head
",0,0
1787,"Myself, me, me, me.
",0,0
1788,"Get, you bad, bad, bad
",0,0
1789,"Come and find something to do
",0,0
1790,"chhes
",0,0
1791,"chWait, that wasnt my intention, I did it for a reason
",0,0
1792,"First, first at
",0,0
1793,"Im still no one
",0,0
1794,"Theyre just gonna...
",0,0
1795,"Arentards and dont belong
",0,0
1796,"Come back again
",0,0
1797,"Thom: What are we coming to?
",0,0
1798,"And how now I see
",0,0
1799,"Myself, myself, I
",0,0
1800,"We?
",0,0
1801,"Do- do
",0,0
1802,"Ill be drunk again
",0,0
1803,"Stars
",0,0
1804,"Doors and there were doors that ICouldve sworn I saw
",0,0
1805,"Doors and there was nothing, nothing at all
",0,0
1806,"Can of been a handful of friends
",0,0
1807,"Ive been away for so long
",0,0
1808,"No no no no no no no no no no no no no no no no
",0,0
1809,"Do not understand the impact of
",0,0
1810,"Myself, Mr. B, Mr. B, Mr. B
",0,0
1811,"Im so good, evil
",0,0
1812,"Werent a fit
",0,0
1813,"Rve never and never understand
",0,0
1814,"Myself, my brain
",0,0
1815,"Youve been walking all night
",0,0
1816,"Sve not yours
",0,0
1817,"Keep your distance from the edge you feed, keep your distance from the edge you feed, keep your distance from the edge you feed
",0,0
1818,"Werent just friends
",0,0
1819,"IWont get my shit off by
",0,0
1820,"Its not so drums but weCouldve loved
",0,0
1821,"Somewhere in life
",0,0
1822,"Get through
",0,0
1823,"pa-pa-pa-pa
",0,0
1824,"Not mean
",0,0
1825,"said I must get up once in a while
",0,0
1826,"In a city of boys in
",0,0
1827,"Wish that I could be good, but you cant
",0,0
1828,"Arent broke
",0,0
1829,"Can walk you home from work
",0,0
